{
    "Аддадшашанамму, Святилище": {
        "status": 1,
        "comment": ""
    },
    "Алефт": {
        "status": 1,
        "comment": ""
    },
    "Ашалмимилкала, Святилище": {
        "status": 1,
        "comment": ""
    },
    "Занаби": {
        "status": 1,
        "comment": ""
    },
    "Кальдера": {
        "status": 2,
        "comment": ""
    },
    "Покинутая лачуга": {
        "status": 2,
        "comment": ""
    },
    "Родовая гробница Андрети": {
        "status": 1,
        "comment": ""
    },
    "Родовая гробница Норвайнов": {
        "status": 1,
        "comment": ""
    },
    "Родовая гробница Херанов": {
        "status": 1,
        "comment": ""
    },
    "Сеннананит": {
        "status": 1,
        "comment": ""
    },
    "Хла Оуд": {
        "status": 1,
        "comment": ""
    },
    "Хлормарен, Арочный Зал": {
        "status": 1,
        "comment": ""
    },
    "Хлормарен, Крепость": {
        "status": 3,
        "comment": ""
    },
    "Шал": {
        "status": 1,
        "comment": ""
    },
    "Шуринбаал": {
        "status": 1,
        "comment": ""
    },
    "Ясамси": {
        "status": 1,
        "comment": ""
    }
}