{
    "Алмурабаларамми, Святилище": {
        "n": "Алмурбаларамми",
        "x": null,
        "y": null,
        "z": null
    },
    "Асслкушалит, Святилище": {
        "n": "Ассалкушалит",
        "x": null,
        "y": null,
        "z": null
    },
    "Башня Тель Фир, Ониксовый Зал": {
        "n": "Тель Фир, Ониксовый Зал",
        "x": null,
        "y": null,
        "z": null
    },
    "Большой Зал Тель Наги": {
        "n": "Тель Нага, Большой Зал",
        "x": null,
        "y": null,
        "z": null
    },
    "Верети и Дралор": {
        "n": "Плантация Дрена, Верети и Дралор",
        "x": null,
        "y": null,
        "z": null
    },
    "Вилла Дрена": {
        "n": "Плантация Дрена, Вилла Дрена",
        "x": null,
        "y": null,
        "z": null
    },
    "Гильдия Мораг Тонг": {
        "n": "Вивек, Гильдия Мораг Тонг",
        "x": null,
        "y": null,
        "z": null
    },
    "Забытые обломки корабля": {
        "n": "Забытые обломки корабля (Западное Нагорье)",
        "x": null,
        "y": null,
        "z": null
    },
    "Лагерь Салитов, Юрта Залита": {
        "n": "Лагерь Салит, Юрта Залита",
        "x": null,
        "y": null,
        "z": null
    },
    "Лагерь Салитов, Юрта Зелая": {
        "n": "Лагерь Салит, Юрта Зелая",
        "x": null,
        "y": null,
        "z": null
    },
    "Лагерь Эрабенимсунов": {
        "n": "Лагерь Эрабенимсун",
        "x": null,
        "y": null,
        "z": null
    },
    "Опустошенные обломки корабля": {
        "n": "Опустошённые обломки корабля",
        "x": null,
        "y": null,
        "z": null
    },
    "Отдаленные обломки корабля": {
        "n": "Отдалённые обломки корабля",
        "x": null,
        "y": null,
        "z": null
    },
    "Уединенные обломки корабля": {
        "n": "Уединённые обломки корабля",
        "x": null,
        "y": null,
        "z": null
    },
    "Форт Легиона Пестрой Бабочки": {
        "n": "Форт Легиона Пёстрой Бабочки",
        "x": null,
        "y": null,
        "z": null
    },
    "Холамаянский Монастырь": {
        "n": "Холамаян",
        "x": null,
        "y": null,
        "z": null
    },
    "Шахта Кальдеры": {
        "n": "Эбонитовая шахта Кальдеры",
        "x": null,
        "y": null,
        "z": null
    },
    "Яичная шахта Абаэсн-Пулу": {
        "n": "Яичная шахта Абаэсен-Пулу",
        "x": null,
        "y": null,
        "z": null
    },
    "Аванпост": {
        "n": "Аванпост (Маар Ган)",
        "x": null,
        "y": null,
        "z": null
    },
    "Аванпост Башни": {
        "n": "Тель Бранора (здание)",
        "x": null,
        "y": null,
        "z": null
    },
    "Башни Хищной Бабочки": {
        "n": "Гарнизон Легиона Хищной Бабочки",
        "x": null,
        "y": null,
        "z": null
    },
    "Башня": {
        "n": "Восточная сторожевая башня",
        "x": null,
        "y": null,
        "z": null
    },
    "Башня покоев Верховного Совета": {
        "n": "Покои Верховного Совета",
        "x": null,
        "y": null,
        "z": null
    },
    "Верхняя Башня": {
        "n": "Тель Мора (здание)",
        "x": null,
        "y": null,
        "z": null
    },
    "Волверин Холл: Гильдия Бойцов": {
        "n": "Волверин Холл, Гильдия Бойцов",
        "x": null,
        "y": null,
        "z": null
    },
    "Волверин Холл: Имперское Святилище": {
        "n": "Волверин Холл, Имперское Святилище",
        "x": null,
        "y": null,
        "z": null
    },
    "Вторая лачуга раба": {
        "n": "Кальдера, Вторая лачуга раба",
        "x": null,
        "y": null,
        "z": null
    },
    "Вход в Башню": {
        "n": "Тель Арун (здание)",
        "x": null,
        "y": null,
        "z": null
    },
    "Гостиница Горного Дела": {
        "n": "Эбонитовая шахта Кальдеры, Гостиница Горного Дела",
        "x": null,
        "y": null,
        "z": null
    },
    "Дом Погрузки": {
        "n": "Плантация Дрена, Дом Погрузки",
        "x": null,
        "y": null,
        "z": null
    },
    "Жилые Помещения Башни": {
        "n": "Тель Арун (здание), Жилые Помещения Башни",
        "x": null,
        "y": null,
        "z": null
    },
    "Зал Подземелья": {
        "n": "Вивек, Зал Подземелья",
        "x": null,
        "y": null,
        "z": null
    },
    "Казармы": {
        "n": "Гнисис, Казармы",
        "x": null,
        "y": null,
        "z": null
    },
    "Казармы и Арсенал": {
        "n": "Тель Вос, Казармы и арсенал",
        "x": null,
        "y": null,
        "z": null
    },
    "Клуб Совета": {
        "n": "Балмора, Клуб Совета",
        "x": null,
        "y": null,
        "z": null
    },
    "Лагерь Айданатов, Юрта Абассэля": {
        "n": "Лагерь Айданат, Юрта Абассэля",
        "x": null,
        "y": null,
        "z": null
    },
    "Лачуга Довеса": {
        "n": "Плантация Дрена, Лачуга Довеса",
        "x": null,
        "y": null,
        "z": null
    },
    "Лачуга Ретана": {
        "n": "Плантация Дрена, Лачуга Ретана",
        "x": null,
        "y": null,
        "z": null
    },
    "Лачуга Хельви": {
        "n": "Плантация Дрена, Лачуга Хельви",
        "x": null,
        "y": null,
        "z": null
    },
    "Лачуга Хлевалы": {
        "n": "Плантация Дрена, Лачуга Хлевалы",
        "x": null,
        "y": null,
        "z": null
    },
    "Лачуга надзирателя": {
        "n": "Поместье Арвелов, Лачуга надзирателя",
        "x": null,
        "y": null,
        "z": null
    },
    "Лачуга раба": {
        "n": "Поместье Арвелов, Лачуга раба",
        "x": null,
        "y": null,
        "z": null
    },
    "Маяк": {
        "n": "Сейда Нин, Маяк",
        "x": null,
        "y": null,
        "z": null
    },
    "Неизвестные обломки корабля": {
        "n": "Потерянные обломки корабля",
        "x": null,
        "y": null,
        "z": null
    },
    "Нижняя Башня": {
        "n": "Тель Бранора, Нижняя Башня",
        "x": null,
        "y": null,
        "z": null
    },
    "Офис Горнодобывающей Компании": {
        "n": "Эбонитовая шахта Кальдеры, Офис Горнодобывающей Компании",
        "x": null,
        "y": null,
        "z": null
    },
    "Первая лачуга раба": {
        "n": "Эбонитовая шахта Кальдеры, Первая лачуга раба",
        "x": null,
        "y": null,
        "z": null
    },
    "Подземелья Арены": {
        "n": "Арена (Вивек)",
        "x": null,
        "y": null,
        "z": null
    },
    "Подземный поток": {
        "n": "Яичная шахта Гнисиса, Подземный поток",
        "x": null,
        "y": null,
        "z": null
    },
    "Покои Ариона": {
        "n": "Тель Вос, Покои Ариона",
        "x": null,
        "y": null,
        "z": null
    },
    "Пояс": {
        "n": "Молаг Мар",
        "x": null,
        "y": null,
        "z": null
    },
    "Пояс Арены": {
        "n": "Арена (Вивек)",
        "x": null,
        "y": null,
        "z": null
    },
    "Святого Олмса, Плаза": {
        "n": "Плаза Округа Святого Олмса",
        "x": null,
        "y": null,
        "z": null
    },
    "Святого Олмса, Пояс": {
        "n": "Округ Святого Олмса",
        "x": null,
        "y": null,
        "z": null
    },
    "Северная Стена": {
        "n": "Форт Пелагиад, Северная Стена",
        "x": null,
        "y": null,
        "z": null
    },
    "Северо-восточная Башня": {
        "n": "Тель Вос, Северо-восточная Башня",
        "x": null,
        "y": null,
        "z": null
    },
    "Службы Башни": {
        "n": "Тель Вос, Службы Башни",
        "x": null,
        "y": null,
        "z": null
    },
    "Сохраненные обломки корабля": {
        "n": "Сохранённые обломки корабля",
        "x": null,
        "y": null,
        "z": null
    },
    "Сторожевая Башня": {
        "n": "Сторожевая Башня (Суран)",
        "x": null,
        "y": null,
        "z": null
    },
    "Сторожевая Башня 1": {
        "n": "Сторожевая Башня 1 (Маар Ган)",
        "x": null,
        "y": null,
        "z": null
    },
    "Сторожевая Башня 2": {
        "n": "Сторожевая Башня 2 (Маар Ган)",
        "x": null,
        "y": null,
        "z": null
    },
    "Сторожевая Башня 3": {
        "n": "Сторожевая Башня 3 (Маар Ган)",
        "x": null,
        "y": null,
        "z": null
    },
    "Сторожевая Башня Горного Дела": {
        "n": "Эбонитовая шахта Кальдеры, Сторожевая Башня Горного Дела",
        "x": null,
        "y": null,
        "z": null
    },
    "Сторожка": {
        "n": "Плантация Дрена, Сторожка",
        "x": null,
        "y": null,
        "z": null
    },
    "Таверна Альд Скар": {
        "n": "Альд Скар",
        "x": null,
        "y": null,
        "z": null
    },
    "Темница Башни": {
        "n": "Тель Вос, Темница Башни",
        "x": null,
        "y": null,
        "z": null
    },
    "Тюрьма": {
        "n": "Тель Вос, Тюрьма",
        "x": null,
        "y": null,
        "z": null
    },
    "Форт Легиона Пестрой Бабочки, Башни": {
        "n": "Форт Легиона Пёстрой Бабочки, Башни",
        "x": null,
        "y": null,
        "z": null
    },
    "Форт Легиона Пестрой Бабочки, Внутреннее помещение": {
        "n": "Форт Легиона Пёстрой Бабочки, Внутреннее помещение",
        "x": null,
        "y": null,
        "z": null
    },
    "Форт Легиона Пестрой Бабочки, Тюрьма": {
        "n": "Форт Легиона Пёстрой Бабочки, Тюрьма",
        "x": null,
        "y": null,
        "z": null
    },
    "Хижина Гашны": {
        "n": "Валенварион, Хижина Гашны",
        "x": null,
        "y": null,
        "z": null
    },
    "Хижина Дурца": {
        "n": "Валенварион, Хижина Дурца",
        "x": null,
        "y": null,
        "z": null
    },
    "Хижина Ламбуг": {
        "n": "Валенварион, Хижина Ламбуг",
        "x": null,
        "y": null,
        "z": null
    },
    "Хижина Лурога": {
        "n": "Валенварион, Хижина Лурога",
        "x": null,
        "y": null,
        "z": null
    },
    "Хижина Миссуна Акина": {
        "n": "Валенварион, Хижина Миссуна Акина",
        "x": null,
        "y": null,
        "z": null
    },
    "Хижина Умуга": {
        "n": "Валенварион, Хижина Умуга",
        "x": null,
        "y": null,
        "z": null
    },
    "Храм": {
        "n": "Храм (Молаг Мар)",
        "x": null,
        "y": null,
        "z": null
    },
    "Хранилище": {
        "n": "Плантация Дрена, Хранилище",
        "x": null,
        "y": null,
        "z": null
    },
    "Центральная Башня": {
        "n": "Тель Вос, Центральная Башня",
        "x": null,
        "y": null,
        "z": null
    },
    "Южная Башня": {
        "n": "Тель Вос, Южная Башня",
        "x": null,
        "y": null,
        "z": null
    },
    "Юрта Абабаэля Тимсар-Дадисуна": {
        "n": "Лагерь Зайнаб, Юрта Абабаэля Тимсар-Дадисуна",
        "x": null,
        "y": null,
        "z": null
    },
    "Юрта Адаммуса": {
        "n": "Лагерь Ахеммуза, Юрта Адаммуса",
        "x": null,
        "y": null,
        "z": null
    },
    "Юрта Аддут-Ламану": {
        "n": "Лагерь Эрабенимсун, Юрта Аддут-Ламану",
        "x": null,
        "y": null,
        "z": null
    },
    "Юрта Айнаба": {
        "n": "Лагерь Эрабенимсун, Юрта Айнаба",
        "x": null,
        "y": null,
        "z": null
    },
    "Юрта Ассамма-Идана": {
        "n": "Лагерь Ахеммуза, Юрта Ассамма-Идана",
        "x": null,
        "y": null,
        "z": null
    },
    "Юрта Ассеммуса": {
        "n": "Лагерь Эрабенимсун, Юрта Ассемуса",
        "x": null,
        "y": null,
        "z": null
    },
    "Юрта Ахасура": {
        "n": "Лагерь Уршилаку, Юрта Ахасура",
        "x": null,
        "y": null,
        "z": null
    },
    "Юрта Ашибаала": {
        "n": "Лагерь Зайнаб, Юрта Ашибаала",
        "x": null,
        "y": null,
        "z": null
    },
    "Юрта Ашу-Аххе": {
        "n": "Лагерь Эрабенимсун, Юрта Ашу-Аххе",
        "x": null,
        "y": null,
        "z": null
    },
    "Юрта Ашур-Дана": {
        "n": "Лагерь Зайнаб, Юрта Ашур-Дана",
        "x": null,
        "y": null,
        "z": null
    },
    "Юрта Ашхана": {
        "n": "Лагерь Зайнаб, Юрта Ашхана",
        "x": null,
        "y": null,
        "z": null
    },
    "Юрта Дутадалка": {
        "n": "Лагерь Ахеммуза, Юрта Дутадалка",
        "x": null,
        "y": null,
        "z": null
    },
    "Юрта Забамунда": {
        "n": "Лагерь Уршилаку, Юрта Забамунда",
        "x": null,
        "y": null,
        "z": null
    },
    "Юрта Занумму": {
        "n": "Лагерь Уршилаку, Юрта Занамму",
        "x": null,
        "y": null,
        "z": null
    },
    "Юрта Каузи": {
        "n": "Лагерь Ахеммуза, Юрта Каузи",
        "x": null,
        "y": null,
        "z": null
    },
    "Юрта Куды": {
        "n": "Лагерь Зайнаб, Юрта Куды",
        "x": null,
        "y": null,
        "z": null
    },
    "Юрта Кумму": {
        "n": "Лагерь Зайнаб, Юрта Кумму",
        "x": null,
        "y": null,
        "z": null
    },
    "Юрта Курапли": {
        "n": "Лагерь Уршилаку, Юрта Курапли",
        "x": null,
        "y": null,
        "z": null
    },
    "Юрта Ланаби": {
        "n": "Лагерь Ахеммуза, Юрта Ланаби",
        "x": null,
        "y": null,
        "z": null
    },
    "Юрта Мамеи": {
        "n": "Лагерь Ахеммуза, Юрта Мамеи",
        "x": null,
        "y": null,
        "z": null
    },
    "Юрта Массарапала": {
        "n": "Лагерь Эрабенимсун, Юрта Массарапала",
        "x": null,
        "y": null,
        "z": null
    },
    "Юрта Маэли": {
        "n": "Лагерь Уршилаку, Юрта Маэли",
        "x": null,
        "y": null,
        "z": null
    },
    "Юрта Минассура": {
        "n": "Лагерь Зайнаб, Юрта Минассура",
        "x": null,
        "y": null,
        "z": null
    },
    "Юрта Нумму": {
        "n": "Лагерь Ахеммуза, Юрта Нумму",
        "x": null,
        "y": null,
        "z": null
    },
    "Юрта Патабаби": {
        "n": "Лагерь Зайнаб, Юрта Патабаби",
        "x": null,
        "y": null,
        "z": null
    },
    "Юрта Ранаби": {
        "n": "Лагерь Эрабенимсун, Юрта Ранаби",
        "x": null,
        "y": null,
        "z": null
    },
    "Юрта Сакиран": {
        "n": "Лагерь Уршилаку, Юрта Сакиран",
        "x": null,
        "y": null,
        "z": null
    },
    "Юрта Салаттаната": {
        "n": "Лагерь Эрабенимсун, Юрта Салаттаната",
        "x": null,
        "y": null,
        "z": null
    },
    "Юрта Тусси": {
        "n": "Лагерь Зайнаб, Юрта Тусси",
        "x": null,
        "y": null,
        "z": null
    },
    "Юрта Хан-Амму": {
        "n": "Лагерь Эрабенимсун, Юрта Хан-Амму",
        "x": null,
        "y": null,
        "z": null
    },
    "Юрта Шары": {
        "n": "Лагерь Уршилаку, Юрта Шары",
        "x": null,
        "y": null,
        "z": null
    },
    "Юрта Шимсуна": {
        "n": "Лагерь Уршилаку, Юрта Шимсуна",
        "x": null,
        "y": null,
        "z": null
    },
    "Юрта шаманки": {
        "n": "Лагерь Зайнаб, Юрта шаманки",
        "x": null,
        "y": null,
        "z": null
    },
    "Яичная шахта": {
        "n": "Гнисис, Яичная шахта",
        "x": null,
        "y": null,
        "z": null
    },
    "!Неизвестное существующее название": {
        "n": "!Неизвестное существующее название (новое)",
        "x": null,
        "y": null,
        "z": null
    },
    "!Новая локация": {
        "n": "!Новая локация (новое)",
        "x": null,
        "y": null,
        "z": null
    }
}
